,SYMBOL,Date,Series,Prev Close,Open,High,Low,Last,Close,VWAP,Volume,Turnover,Trades,Deliverable Volume,%Deliverble,Descripency Detail,Descripency,V AVERAGE
2,HINDALCO,2021-10-25,EQ,470.45,473.55,478.0,459.35,473.0,473.25,471.68,9196105,433760402565000.0,109200,2534137,27.56,"Vol Down, Delivery Up",1,0.541
3,HINDALCO,2021-10-26,EQ,473.25,475.05,488.0,472.55,487.7,486.05,481.55,8120433,391041552160000.0,94965,2634358,32.44,"Vol Down, Delivery Up",1,0.541
0,ONGC,2021-10-25,EQ,157.05,159.0,162.95,158.9,161.3,161.4,160.83,34568006,555961220095000.0,215294,13984333,40.45,"Vol Down, Delivery Up",1,0.478
1,ONGC,2021-10-26,EQ,161.4,163.55,163.95,160.3,163.25,163.1,162.77,33022684,537524130560000.06,135630,18014875,54.55,"Vol Down, Delivery Up",1,0.478
10,COALINDIA,2021-10-25,EQ,175.9,176.25,177.25,173.0,173.25,174.1,174.85,11744666,205353966915000.0,77164,3702698,31.53,"Vol Down, Delivery Up",1,0.399
11,COALINDIA,2021-10-26,EQ,174.1,173.0,176.0,171.75,175.9,175.05,173.7,11602891,201545020585000.0,65925,5396185,46.51,"Vol Down, Delivery Up",1,0.399
14,BHARTIARTL,2021-10-25,EQ,694.5,693.0,704.0,675.0,690.8,691.1,692.84,9540441,661002347945000.0,140498,4460385,46.75,"Vol Up, Delivery Down",1,0.396
15,BHARTIARTL,2021-10-26,EQ,691.1,695.0,709.85,689.0,695.0,696.2,697.66,10953878,764203268355000.0,131088,4380098,39.99,"Vol Up, Delivery Down",1,0.396
4,HDFCLIFE,2021-10-25,EQ,690.75,690.75,693.55,676.5,684.25,683.25,683.54,2786630,190477704455000.0,97081,1520195,54.55,"Vol Down, Delivery Up",1,0.366
5,HDFCLIFE,2021-10-26,EQ,683.25,685.0,695.0,684.1,690.35,690.05,690.16,2616174,180557679745000.0,64885,1726271,65.98,"Vol Down, Delivery Up",1,0.366
16,ASIANPAINT,2021-10-25,EQ,2982.4,2950.0,2950.0,2857.25,2923.0,2918.05,2904.3,2161537,627774860080000.0,174323,961083,44.46,"Vol Down, Delivery Up",1,0.344
17,ASIANPAINT,2021-10-26,EQ,2918.05,2918.05,3024.0,2898.0,3006.0,2969.8,2930.77,1988263,582713860895000.0,162734,1305922,65.68,"Vol Down, Delivery Up",1,0.344
12,CIPLA,2021-10-25,EQ,896.35,895.9,913.0,890.0,902.45,901.85,904.11,1901039,171874530155000.0,61990,408040,21.46,"Vol Down, Delivery Up",1,0.339
13,CIPLA,2021-10-26,EQ,901.85,908.9,914.15,900.0,909.0,907.5,906.4,1405411,127385931980000.0,40614,543805,38.69,"Vol Down, Delivery Up",1,0.339
8,DRREDDY,2021-10-25,EQ,4637.45,4650.9,4699.0,4537.0,4670.0,4676.15,4633.23,276167,127954652490000.02,30491,119988,43.45,"Vol Down, Delivery Up",1,0.332
9,DRREDDY,2021-10-26,EQ,4676.15,4695.0,4698.8,4637.0,4661.5,4666.2,4667.07,272713,127277142234999.98,20754,167428,61.39,"Vol Down, Delivery Up",1,0.332
6,HDFCBANK,2021-10-25,EQ,1680.75,1690.0,1690.0,1613.8,1657.3,1657.0,1654.95,8213383,1359274767270000.0,230480,4006629,48.78,"Vol Down, Delivery Up",1,0.327
7,HDFCBANK,2021-10-26,EQ,1657.0,1650.0,1673.85,1646.35,1655.45,1652.75,1656.8,6045328,1001587351645000.0,167665,4294683,71.04,"Vol Down, Delivery Up",1,0.327
68,INDUSINDBK,2021-10-25,EQ,1196.4,1205.95,1211.0,1156.7,1176.5,1177.75,1178.04,3612312,425545648500000.0,134087,1399660,38.75,-,0,0.626
69,INDUSINDBK,2021-10-26,EQ,1177.75,1180.0,1193.0,1137.7,1155.6,1154.9,1159.26,3413917,395760700050000.0,121408,1192859,34.94,-,0,0.626
32,TATAMOTORS,2021-10-25,EQ,490.9,493.9,496.0,473.25,478.8,479.9,480.93,33107841,1592244534970000.0,378765,6772176,20.45,-,0,0.624
33,TATAMOTORS,2021-10-26,EQ,479.9,483.5,510.0,483.25,508.2,508.65,500.54,58027770,2904496610820000.0,574815,9434406,16.26,-,0,0.624
30,TATASTEEL,2021-10-25,EQ,1296.25,1302.0,1316.0,1267.25,1290.5,1293.3,1295.98,6418501,831825504590000.0,146749,1602769,24.97,-,0,0.518
31,TATASTEEL,2021-10-26,EQ,1293.3,1303.0,1351.0,1301.45,1347.0,1343.65,1327.59,7722875,1025284434805000.0,162605,2545299,32.96,-,0,0.518
90,BAJFINANCE,2021-10-25,EQ,7710.2,7750.0,7837.75,7350.5,7635.0,7646.65,7664.97,1169729,896593588495000.1,104466,403611,34.5,-,0,0.498
91,BAJFINANCE,2021-10-26,EQ,7646.65,7695.0,7894.95,7651.1,7880.0,7855.65,7791.46,1660575,1293830688245000.0,130085,718129,43.25,-,0,0.498
92,BAJAJFINSV,2021-10-25,EQ,18658.15,18700.0,18947.0,18000.0,18050.0,18087.15,18303.16,301804,552396780235000.06,60044,96669,32.03,-,0,0.486
93,BAJAJFINSV,2021-10-26,EQ,18087.15,18200.0,18450.0,17975.05,18400.0,18353.35,18221.02,296749,540706882705000.0,53475,85988,28.98,-,0,0.486
60,JSWSTEEL,2021-10-25,EQ,667.8,670.0,678.0,653.05,673.5,674.25,668.13,3987950,266446739285000.0,66164,707903,17.75,-,0,0.485
61,JSWSTEEL,2021-10-26,EQ,674.25,678.7,697.45,674.5,695.4,694.35,685.08,4238644,290378921775000.0,58338,1494263,35.25,-,0,0.485
96,AXISBANK,2021-10-25,EQ,816.7,830.1,866.9,825.45,845.0,845.1,845.74,29193770,2469023809640000.0,393459,11571601,39.64,-,0,0.48
97,AXISBANK,2021-10-26,EQ,845.1,848.4,851.65,823.5,844.65,841.9,837.13,16771909,1404020311440000.0,269509,7547160,45.0,-,0,0.48
98,ADANIPORTS,2021-10-25,EQ,761.8,765.0,765.55,738.55,751.0,752.05,750.99,2973109,223278141985000.0,49287,857287,28.83,-,0,0.479
99,ADANIPORTS,2021-10-26,EQ,752.05,752.0,758.55,740.05,751.2,749.9,749.41,3093933,231861084315000.0,48910,1055244,34.11,-,0,0.479
20,UPL,2021-10-25,EQ,704.35,704.0,708.0,686.25,693.6,695.3,693.8,1746556,121176408275000.0,46481,523460,29.97,-,0,0.471
21,UPL,2021-10-26,EQ,695.3,695.0,716.45,693.6,715.0,713.25,708.97,1475209,104587504270000.0,34455,356491,24.17,-,0,0.471
40,SBIN,2021-10-25,EQ,502.95,506.5,515.45,497.85,507.1,506.5,508.7,35619415,1811942593015000.0,383621,14744285,41.39,-,0,0.441
41,SBIN,2021-10-26,EQ,506.5,507.6,518.2,507.6,512.75,512.55,513.42,21107457,1083707901110000.0,233424,6845791,32.43,-,0,0.441
70,ICICIBANK,2021-10-25,EQ,759.3,800.0,867.0,798.4,846.75,841.7,831.93,96124084,7996886207885002.0,891780,37060732,38.56,-,0,0.44
71,ICICIBANK,2021-10-26,EQ,841.7,828.7,841.7,822.35,831.8,829.4,830.18,16925115,1405086447720000.0,383583,9004644,53.2,-,0,0.44
54,M&M,2021-10-25,EQ,887.85,883.0,905.9,883.0,890.3,890.7,895.39,2833933,253747639630000.03,79213,1130907,39.91,-,0,0.418
55,M&M,2021-10-26,EQ,890.7,893.4,900.0,884.0,896.0,894.55,892.5,3410657,304399897900000.0,61810,2238237,65.62,-,0,0.418
88,BPCL,2021-10-25,EQ,447.25,447.0,448.4,429.85,432.4,431.7,437.41,7275177,318223871405000.0,85059,3401309,46.75,-,0,0.405
89,BPCL,2021-10-26,EQ,431.7,431.0,436.95,428.05,431.5,431.05,431.38,4972613,214507728410000.0,54492,2865770,57.63,-,0,0.405
82,EICHERMOT,2021-10-25,EQ,2612.55,2602.5,2624.15,2532.0,2561.0,2561.75,2561.73,457696,117249327650000.0,45204,177165,38.71,-,0,0.392
83,EICHERMOT,2021-10-26,EQ,2561.75,2579.9,2613.0,2571.95,2588.0,2590.25,2591.76,677512,175595045770000.0,46790,325422,48.03,-,0,0.392
24,TITAN,2021-10-25,EQ,2412.0,2405.0,2412.0,2340.0,2379.0,2379.15,2378.6,1446182,343988174360000.0,84641,738993,51.1,-,0,0.389
25,TITAN,2021-10-26,EQ,2379.15,2390.0,2468.45,2371.0,2468.0,2454.75,2428.86,2567357,623576111545000.0,117797,1454232,56.64,-,0,0.389
58,KOTAKBANK,2021-10-25,EQ,2171.4,2152.0,2182.95,2115.05,2150.0,2154.5,2152.23,6777262,1458623891030000.0,169924,4230724,62.43,-,0,0.385
59,KOTAKBANK,2021-10-26,EQ,2154.5,2154.5,2240.0,2123.7,2210.65,2210.95,2198.09,10669001,2345141813865000.0,350259,4246938,39.81,-,0,0.385
76,HDFC,2021-10-25,EQ,2903.95,2905.0,2919.0,2856.25,2900.0,2896.15,2890.77,3463553,1001233965450000.0,167820,2208406,63.75999999999999,-,0,0.385
77,HDFC,2021-10-26,EQ,2896.15,2908.0,2934.0,2896.0,2920.75,2911.65,2914.1,2430141,708167441210000.0,107553,1665057,68.52,-,0,0.385
26,TECHM,2021-10-25,EQ,1517.45,1531.0,1535.0,1483.8,1531.0,1524.1,1510.82,3890467,587778846305000.0,133711,1452439,37.33,-,0,0.383
27,TECHM,2021-10-26,EQ,1524.1,1571.9,1630.0,1543.0,1564.0,1563.3,1590.72,16978043,2700733624215000.0,424932,3414066,20.11,-,0,0.383
80,GRASIM,2021-10-25,EQ,1713.8,1700.0,1719.7,1669.15,1709.05,1710.65,1699.36,573813,97511646780000.0,24832,137709,24.0,-,0,0.382
81,GRASIM,2021-10-26,EQ,1710.65,1717.0,1767.0,1704.25,1746.9,1739.4,1747.31,1334788,233228566325000.0,44209,537289,40.25,-,0,0.382
34,TATACONSUM,2021-10-25,EQ,795.25,793.0,800.6,773.6,786.25,788.95,785.82,2954698,232185107265000.0,80656,1226814,41.52,-,0,0.379
35,TATACONSUM,2021-10-26,EQ,788.95,786.1,811.9,786.1,810.6,808.9,800.75,1776800,142276514220000.0,43410,735904,41.42,-,0,0.379
18,WIPRO,2021-10-25,EQ,682.4,682.75,684.2,660.8,667.25,667.7,667.74,8810958,588346311915000.0,155221,4156554,47.17,-,0,0.373
19,WIPRO,2021-10-26,EQ,667.7,671.05,678.8,665.0,670.0,668.15,669.48,6096983,408179161945000.0,103342,2687152,44.07,-,0,0.373
38,SHREECEM,2021-10-25,EQ,27738.2,27625.0,27738.15,26811.2,27250.0,27275.0,27265.49,20656,56319588025000.0,7814,4639,22.46,-,0,0.37
39,SHREECEM,2021-10-26,EQ,27275.0,27320.0,27995.0,27319.0,27848.0,27777.9,27723.29,28367,78642667640000.0,9027,12285,43.31,-,0,0.37
52,MARUTI,2021-10-25,EQ,7408.9,7355.0,7396.05,7219.65,7256.0,7260.6,7285.22,248058,180715657060000.0,39214,76016,30.64,-,0,0.37
53,MARUTI,2021-10-26,EQ,7260.6,7265.0,7337.95,7210.2,7294.0,7297.35,7275.61,292203,212595558765000.0,35450,132268,45.27,-,0,0.37
44,RELIANCE,2021-10-25,EQ,2627.4,2680.0,2680.0,2570.0,2607.0,2601.8,2611.17,7937067,2072500685930000.0,317548,2950789,37.18,-,0,0.367
45,RELIANCE,2021-10-26,EQ,2601.8,2617.1,2668.9,2603.15,2666.3,2661.05,2635.7,4499706,1185985953685000.0,199021,2113316,46.97,-,0,0.367
36,SUNPHARMA,2021-10-25,EQ,812.55,810.0,821.25,795.55,811.95,813.2,809.53,2129988,172429737725000.0,52014,772886,36.29,-,0,0.361
37,SUNPHARMA,2021-10-26,EQ,813.2,817.0,823.9,806.3,814.95,813.5,814.67,1628608,132677009984999.98,42967,561024,34.45,-,0,0.361
78,HCLTECH,2021-10-25,EQ,1194.0,1184.05,1190.0,1157.15,1168.0,1165.4,1166.4,6690819,780414193105000.0,159478,4412401,65.95,-,0,0.359
79,HCLTECH,2021-10-26,EQ,1165.4,1170.0,1182.0,1153.25,1168.0,1166.8,1163.88,5126660,596679895650000.0,111561,3266658,63.72,-,0,0.359
42,SBILIFE,2021-10-25,EQ,1167.2,1157.6,1166.95,1126.3,1133.0,1129.7,1143.05,1843700,210743556605000.0,74416,1180071,64.01,-,0,0.357
43,SBILIFE,2021-10-26,EQ,1129.7,1135.0,1178.3,1134.0,1173.0,1172.05,1162.77,1572647,182862343155000.0,65871,682970,43.43,-,0,0.357
48,NTPC,2021-10-25,EQ,144.9,144.7,146.25,143.15,143.9,143.9,144.47,14079380,203398589530000.0,118611,7648070,54.32,-,0,0.355
49,NTPC,2021-10-26,EQ,143.9,145.3,145.65,142.45,143.5,143.2,143.66,16224116,233079466955000.03,64062,10885895,67.1,-,0,0.355
74,HEROMOTOCO,2021-10-25,EQ,2744.15,2743.95,2754.85,2679.05,2685.15,2686.8,2699.15,326076,88012929850000.0,27788,137650,42.21,-,0,0.354
75,HEROMOTOCO,2021-10-26,EQ,2686.8,2696.9,2708.0,2685.0,2705.0,2700.5,2696.65,282346,76138698225000.0,22913,124160,43.97,-,0,0.354
46,POWERGRID,2021-10-25,EQ,194.45,194.45,195.0,190.5,192.1,192.65,192.5,5896815,113511700405000.0,60229,2849104,48.32,-,0,0.353
47,POWERGRID,2021-10-26,EQ,192.65,192.6,192.95,189.7,191.2,190.4,190.92,6394388,122082489059999.98,42087,3911211,61.17,-,0,0.353
64,IOC,2021-10-25,EQ,130.7,131.6,132.4,128.45,130.6,130.45,130.66,10037225,131150034420000.0,55185,4034278,40.19,-,0,0.35
65,IOC,2021-10-26,EQ,130.45,131.0,132.4,130.05,131.95,131.5,131.34,10132403,133076863465000.02,59531,5102764,50.36000000000001,-,0,0.35
22,ULTRACEMCO,2021-10-25,EQ,7149.6,7149.6,7174.95,7007.0,7148.65,7149.8,7113.96,245401,174577329840000.0,29778,114326,46.59,-,0,0.349
23,ULTRACEMCO,2021-10-26,EQ,7149.8,7150.15,7295.0,7150.0,7280.05,7269.1,7257.39,372893,270623019535000.0,49392,201174,53.95000000000001,-,0,0.349
84,DIVISLAB,2021-10-25,EQ,5073.4,5052.0,5070.0,4874.85,4998.9,4995.95,4956.04,588823,291823223990000.0,43670,300579,51.05,-,0,0.345
85,DIVISLAB,2021-10-26,EQ,4995.95,4995.0,5074.0,4972.1,5028.15,5018.9,5020.78,334367,167878295520000.0,27999,166719,49.86,-,0,0.345
56,LT,2021-10-25,EQ,1792.25,1792.25,1812.8,1760.35,1784.8,1784.15,1792.45,2488386,446030396280000.0,131422,1255677,50.46000000000001,-,0,0.344
57,LT,2021-10-26,EQ,1784.15,1785.0,1811.9,1781.55,1799.0,1796.25,1793.66,1930107,346195115690000.0,83776,1104601,57.23,-,0,0.344
94,BAJAJ-AUTO,2021-10-25,EQ,3866.5,3854.0,3884.75,3735.0,3765.0,3763.75,3777.52,306195,115665702320000.0,33055,139831,45.67,-,0,0.328
95,BAJAJ-AUTO,2021-10-26,EQ,3763.75,3779.85,3811.8,3762.25,3792.5,3791.75,3786.41,170050,64387844010000.0,20044,55325,32.53,-,0,0.328
62,ITC,2021-10-25,EQ,236.6,234.1,236.65,230.5,233.0,233.4,233.82,22333919,522206717160000.06,159014,10292852,46.09,-,0,0.325
63,ITC,2021-10-26,EQ,233.4,234.1,239.0,232.6,238.75,236.7,235.05,18934170,445056403895000.0,150678,8686277,45.88,-,0,0.325
66,INFY,2021-10-25,EQ,1719.8,1722.05,1729.75,1687.2,1708.4,1707.55,1700.04,5905209,1003908067805000.0,175289,4000395,67.74,-,0,0.322
67,INFY,2021-10-26,EQ,1707.55,1710.05,1726.6,1695.9,1707.95,1703.7,1704.53,5871709,1000849884025000.0,163478,3860399,65.75,-,0,0.322
86,BRITANNIA,2021-10-25,EQ,3690.0,3690.0,3696.55,3617.7,3625.0,3631.05,3642.23,289025,105269663380000.0,23658,105810,36.61,-,0,0.303
87,BRITANNIA,2021-10-26,EQ,3631.05,3649.0,3705.05,3605.85,3699.9,3692.8,3664.3,326825,119758518890000.02,28899,157677,48.25,-,0,0.303
28,TCS,2021-10-25,EQ,3498.85,3503.0,3514.55,3450.0,3491.0,3492.95,3477.23,2595594,902547143360000.0,139684,1627737,62.71,-,0,0.3
29,TCS,2021-10-26,EQ,3492.95,3494.5,3529.0,3475.0,3485.9,3482.6,3494.69,3878763,1355508510410000.0,155172,2821225,72.74,-,0,0.3
50,NESTLEIND,2021-10-25,EQ,19006.7,19000.0,19000.95,18604.35,18682.0,18696.25,18714.7,54146,101332610355000.0,15227,30831,56.940000000000005,-,0,0.288
51,NESTLEIND,2021-10-26,EQ,18696.25,18679.9,19280.0,18638.95,19201.0,19217.6,19013.02,106658,202789032545000.0,19827,65949,61.83,-,0,0.288
72,HINDUNILVR,2021-10-25,EQ,2454.1,2454.1,2463.55,2410.0,2460.0,2455.85,2435.91,1560381,380094942100000.0,85034,997478,63.93,-,0,0.287
73,HINDUNILVR,2021-10-26,EQ,2455.85,2468.9,2468.9,2417.05,2440.0,2436.85,2434.86,1595060,388374822000000.0,104063,1027794,64.44,-,0,0.287
